lemma,freq
być,4052
móc,822
mieć,789
zostać,279
chcieć,228
znaleźć,212
musieć,206
korzystać,189
musić,173
należeć,142
wiedzieć,138
wybrać,125
dodać,121
dotyczyć,117
wysłać,116
uzyskać,111
tworzyć,108
maić,107
używać,104
zrobić,101
znajdować,95
pozwalać,90
robić,89
działać,88
wykorzystać,84
istnieć,83
wyglądać,82
posiadać,81
zawierać,80
wymagać,79
zacząć,78
użyć,78
zapewniać,78
wykorzystywać,77
kliknąć,75
oferować,74
sprawdzić,73
otrzymać,72
lubić,72
umożliwiać,71
mówić,70
wykonać,68
znać,67
zobaczyć,66
dodawać,65
stanowić,64
dać,63
zmienić,63
stać,63
pamiętać,62
widzieć,61
pomóc,60
dowiedzieć,59
stosować,58
pisać,58
pracować,58
oznaczać,57
stworzyć,56
grać,56
jeść,55
prowadzić,55
czytać,54
przygotować,53
dostać,53
prosić,52
pojawić,52
szukać,51
rozpocząć,51
powiedzieć,51
zarządzać,49
kupić,49
usunąć,49
napisać,48
zapewnić,47
pozwolić,47
potrzebować,47
chodzić,47
wprowadzić,46
przechowywać,45
spróbować,45
wystarczyć,45
zaczynać,44
cieszyć,43
uważać,43
dostarczać,43
wyświetlać,43
pobrać,43
dawać,42
przesłać,41
zmieniać,41
polecać,41
myśleć,41
przejść,41
wydawać,40
czekać,40
udać,40
gotować,39
piec,39
utworzyć,39
podać,38
pomagać,38
zdobyć,37
zajmować,37
wykonywać,37
potrafić,37
wyjść,36
obejmować,36
osiągnąć,36
wyszukiwać,36
smakować,35
określić,35
otworzyć,35
starać,35
zapraszać,35
okazać,35
trafić,34
pojawiać,34
poznać,34
powodować,34
zwiększyć,34
kupować,34
udostępniać,33
wysyłać,33
połączyć,33
zalogować,32
promować,32
sprawdzać,32
przeczytać,32
odpowiadać,32
wziąć,32
zależeć,31
dziękować,31
łączyć,31
rozwiązać,31
czuć,31
zarejestrować,31
zbierać,31
dostosować,30
śledzić,30
skontaktować,30
uwielbiać,30
dokonać,29
wejść,29
patrzeć,29
pozdrawiać,29
zwiększać,29
zapisać,29
chronić,29
przeglądać,29
uruchomić,28
brać,28
trzymać,28
mieszać,28
pozostać,28
opracować,27
zrozumieć,27
prezentować,27
rozwijać,27
myślić,27
zjeść,27
pasować,27
przetwarzać,26
ustawić,26
zdecydować,26
projektować,26
skorzystać,26
obsługiwać,26
sprawiać,26
nadawać,26
kochać,26
umieścić,26
włączyć,26
przeznaczyć,25
patrzyć,25
gwarantować,25
monitorować,25
podobać,25
występować,25
oglądać,25
oprzeć,25
ograniczyć,25
budować,25
wybierać,25
założyć,24
pokroić,24
pokazać,24
ułatwiać,24
otrzymywać,24
stawać,24
zauważyć,24
zainstalować,24
wyposażyć,24
pochodzić,23
wydać,23
spełnić,23
próbować,23
odkryć,23
zakończyć,23
zagrać,23
dziać,23
opublikować,23
wprowadzać,23
zawrzeć,22
pozostawać,22
liczyć,22
składać,22
planować,22
poprawić,22
podjąć,22
pokazywać,22
współpracować,22
żyć,22
złożyć,22
zapoznać,21
zalecać,21
polegać,21
wbudować,21
postanowić,21
spowodować,21
zintegrować,21
trwać,21
opisać,21
decydować,21
kontrolować,21
uczyć,21
wracać,21
przedstawiać,21
pobierać,21
przetworzyć,21
zabezpieczyć,21
upiec,20
przyjść,20
zostawać,20
zaprojektować,20
przyjąć,20
naprawić,20
zmniejszyć,20
potwierdzić,20
przedstawić,20
mieszkać,20
przeprowadzać,20
zachować,20
przenieść,20
odwiedzać,20
wyświetlić,20
przekonać,20
spełniać,20
przyjmować,20
przekazać,20
przypominać,20
spotkać,20
komentować,20
publikować,19
wychodzić,19
upewnić,19
dopasować,19
przekazywać,19
ładować,19
rozumieć,19
podejmować,19
powiązać,19
zjednoczyć,19
sprawić,19
służyć,19
przesyłać,19
odwiedzić,19
iść,19
dołączyć,19
pójść,19
przyznać,19
podzielić,18
zablokować,18
powstać,18
nosić,18
dbać,18
nazywać,18
sprzedawać,18
zamknąć,18
zastosować,18
obowiązywać,18
poprosić,18
stanąć,18
wyłączyć,18
gromadzić,18
wymieszać,18
zachęcać,18
zwrócić,17
przywrócić,17
udostępnić,17
realizować,17
udzielić,17
wystąpić,17
umożliwić,17
rejestrować,17
przeprowadzić,17
podawać,17
rozszerzyć,17
generować,17
wrócić,17
dostarczyć,16
skończyć,16
siedzieć,16
wynikać,16
oszczędzać,16
twierdzić,16
zgromadzić,16
mieścić,16
odbywać,16
utrzymywać,16
zyskać,16
słyszeć,16
zdawać,16
zadbać,16
smażyć,16
brakować,16
użytkować,16
zapytać,16
wspomnieć,16
stracić,16
interesować,16
kontynuować,16
wygrać,15
dojść,15
dzielić,15
wchodzić,15
logować,15
wierzyć,15
wymienić,15
zapomnieć,15
zadawać,15
utrzymać,15
obrać,15
testować,15
czynić,15
szyfrować,15
odbyć,15
rosnąć,15
woleć,15
organizować,15
poinformować,15
ujawniać,14
życzyć,14
poszukiwać,14
pokonać,14
wskazywać,14
okazywać,14
kończyć,14
stwierdzić,14
ułożyć,14
traktować,14
skanować,14
podlegać,14
wyznaczyć,14
zastanawiać,14
zająć,14
wymieniać,14
odwieść,14
analizować,13
wypełnić,13
uczestniczyć,13
zwać,13
sprzedać,13
brzmieć,13
podłączyć,13
spędzić,13
anulować,13
zdarzać,13
kroić,13
usuwać,13
odkrywać,13
zapisywać,13
zgadzać,13
zrealizować,13
zaznaczyć,13
bawić,13
zakupić,13
zainteresować,13
różnić,13
odebrać,13
zapłacić,13
płacić,13
oczekiwać,13
dotrzeć,13
wpisać,12
zaprezentować,12
wygenerować,12
ukryć,12
rozpoczynać,12
urodzić,12
uniknąć,12
wynosić,12
opowiadać,12
skonfigurować,12
odpowiedzieć,12
skusić,12
usprawnić,12
poczuć,12
objąć,12
wpaść,12
proponować,12
mierzyć,12
odnaleźć,12
suszyć,12
poprawiać,12
wykrywać,12
przejmować,12
akceptować,12
wyrazić,12
wspierać,12
świadczyć,12
uznać,12
powstawać,12
funkcjonować,12
wywołać,12
znaczyć,12
poznawać,12
dążyć,12
zyskiwać,12
podnosić,12
uzyskiwać,12
stawiać,12
określać,12
zamierzać,12
zostawić,12
zamówić,12
uznawać,12
dokonywać,12
kierować,12
poświęcić,11
informować,11
bywać,11
witać,11
spędzać,11
oczyścić,11
wykryć,11
zakładać,11
umieć,11
blokować,11
wpływać,11
poczekać,11
zaplanować,11
wdrożyć,11
odnosić,11
walczyć,11
cenić,11
nastąpić,11
spodziewać,11
ugotować,11
dziwić,11
wypróbować,11
przestać,11
zbudować,11
ponosić,11
leczyć,11
przychodzić,11
nauczyć,11
zgłosić,11
zdobywać,11
skupić,11
jechać,11
podziwiać,10
uzupełniać,10
nagrywać,10
trafiać,10
ukończyć,10
przepadać,10
obawiać,10
uniemożliwiać,10
otwierać,10
rozwiązywać,10
włożyć,10
tłumaczyć,10
obejrzeć,10
miksować,10
pozbyć,10
ograniczać,10
odmawiać,10
skierować,10
podpisać,10
obserwować,10
wiązać,10
doprowadzić,10
przebywać,10
wyrażać,10
uwzględniać,10
aktualizować,10
zabrać,10
porównywać,10
pokryć,10
zastanowić,10
sądzić,10
umieszczać,10
nadać,10
pytać,10
reprezentować,10
przetestować,10
oddać,10
zaangażować,10
towarzyszyć,10
zaakceptować,10
instalować,10
zaprosić,10
potwierdzać,10
ogłosić,10
dysponować,10
opuścić,10
zaktualizować,10
bać,10
cofnąć,10
wyciągnąć,10
przyznawać,10
poruszać,10
przenosić,10
przekonywać,10
słuchać,10
postawić,10
badać,9
doceniać,9
zabierać,9
unikać,9
przypomnieć,9
atakować,9
produkować,9
ustalić,9
sterować,9
pomyśleć,9
omawiać,9
spotykać,9
porozmawiać,9
radzić,9
poszukać,9
zebrać,9
przygotowywać,9
podróżować,9
dochodzić,9
opowiedzieć,9
rozpoznać,9
umyć,9
obniżyć,9
porównać,9
pozostawiać,9
zarabiać,9
wyróżniać,9
edytować,9
zatwierdzić,9
nazwać,9
przeżyć,9
kusić,8
spodobać,8
poradzić,8
pojechać,8
wynająć,8
postępować,8
powrócić,8
wywoływać,8
odzyskiwać,8
udawać,8
zaoszczędzić,8
gratulować,8
leżeć,8
przełożyć,8
usiąść,8
usłyszeć,8
ukrywać,8
przydać,8
kolekcjonować,8
tracić,8
przerwać,8
przeszkadzać,8
reagować,8
położyć,8
zatrzymać,8
kontaktować,8
podążać,8
wdrażać,8
pozostawić,8
ulec,8
zapobiegać,8
wypadać,8
przyciągnąć,8
rozmawiać,8
bronić,8
zadowolić,8
uruchamiać,8
wesprzeć,8
programować,8
odzyskać,8
rezerwować,8
rozpuścić,8
przestrzegać,8
przykryć,8
zachowywać,8
wyjaśnić,8
dedykować,8
ułatwić,8
zarezerwować,8
zmniejszać,8
rzucać,8
modlić,8
zamawiać,8
przypisać,8
zastrzegać,8
opierać,8
zorganizować,8
preferować,8
podchodzić,8
pragnąć,8
ujawnić,7
uwierzyć,7
zrecenzować,7
ukazać,7
obudzić,7
szacować,7
zdefiniować,7
pochwalić,7
dopaść,7
zaoferować,7
narazić,7
poczytać,7
zapominać,7
zmuszać,7
odnieść,7
uczynić,7
wpadać,7
opisywać,7
ustalać,7
upuścić,7
zazdrościć,7
wlewać,7
obierać,7
udzielać,7
konwertować,7
głosować,7
odmówić,7
powtórzyć,7
zmierzyć,7
pozyskać,7
poddawać,7
zainwestować,7
przewidzieć,7
spaść,7
odkładać,7
pozycjonować,7
odrzucić,7
oceniać,7
wyobrazić,7
zaspokoić,7
przekroczyć,7
wrzucać,7
rozwinąć,7
odstawić,7
wpłynąć,7
przesunąć,7
wstać,7
posypać,7
ciosać,7
zabezpieczać,7
aktywować,7
inwestować,7
ruszać,7
zastąpić,7
pogodzić,7
otaczać,7
stwarzać,7
spożywać,7
przeciągnąć,7
zwracać,7
ulepszyć,7
przetrwać,7
włączać,7
powtarzać,7
odtwarzać,7
kryć,7
uprawiać,7
wykazać,7
wyobrażać,7
przynosić,7
zdążyć,7
nabyć,6
dostosowywać,6
urządzić,6
wyznaczać,6
zamocować,6
klikać,6
przechodzić,6
kojarzyć,6
odczuwać,6
nagrać,6
wpisywać,6
zakochać,6
wspominać,6
spadać,6
żałować,6
pozyskiwać,6
posypywać,6
dopuścić,6
wyjaśniać,6
obniżać,6
przyjrzeć,6
obciążyć,6
wzmocnić,6
spojrzeć,6
zdołać,6
podkreślać,6
łamać,6
przekierować,6
uwzględnić,6
ocenić,6
wyszukać,6
podnieść,6
eliminować,6
przełączać,6
zaszyfrować,6
popierać,6
angażować,6
oderwać,6
dołączać,6
wyłożyć,6
serwować,6
zamieszczać,6
napędzać,6
skonstruować,6
odblokować,6
trzeć,6
zdjąć,6
powiększyć,6
żądać,6
zaskoczyć,6
czerpać,6
obiecać,6
koncentrować,6
wieść,6
osiągać,6
toczyć,6
przewidywać,6
padać,6
zadzwonić,6
doprawiać,6
szykować,6
chrupać,6
rysować,6
porwać,6
filtrować,6
ulepszać,6
umówić,6
charakteryzować,6
zabraknąć,6
obstawiać,6
pozbawić,6
formować,6
inspirować,6
polubić,6
przeanalizować,6
ruszyć,6
regulować,6
począć,6
śmieć,6
przepraszać,6
popełnić,6
uwolnić,6
usprawniać,6
wzbogacić,6
nakładać,6
wzrastać,6
nagrzać,6
zamienić,6
obiecywać,6
stawić,6
spać,6
zalewać,6
zapamiętać,6
zwiedzać,6
wrzucić,6
wstrzymać,6
kosztować,6
doprowadzać,6
porzucić,6
zamierzyć,6
wydrukować,6
przejąć,6
podziękować,5
marnować,5
unosić,5
rozpoznawać,5
zniknąć,5
wykluczyć,5
nacisnąć,5
uprawniać,5
finansować,5
polaczeć,5
studiować,5
wyciąć,5
definiować,5
zniszczyć,5
przekładać,5
dostrzec,5
zachwycić,5
nabrać,5
certyfikować,5
złapać,5
odciąć,5
podkreślić,5
obracać,5
podejść,5
przyglądać,5
nastawić,5
otoczyć,5
przystosować,5
ubijać,5
ujrzeć,5
bazować,5
wyeliminować,5
ulegać,5
ciągnąć,5
kłaść,5
zdobić,5
cierpieć,5
przebić,5
uderzać,5
odtworzyć,5
zaprzestać,5
sięgnąć,5
odstawiać,5
powiadomić,5
ubić,5
powieść,5
zezwalać,5
chwalić,5
pilnować,5
importować,5
następować,5
wytworzyć,5
sięgać,5
aplikować,5
wysuwać,5
zwyciężyć,5
wybaczyć,5
podejrzewać,5
przełączyć,5
sugerować,5
formatować,5
modyfikować,5
nagrodzić,5
skrócić,5
zmieścić,5
zmodyfikować,5
przywracać,5
pojąć,5
zechcieć,5
zrezygnować,5
nawiązać,5
specjalizować,5
maleć,5
odgrywać,5
przekształcić,5
wymyślić,5
wykazywać,5
zaszkodzić,5
rządzić,5
jadać,5
zjadać,5
wywodzić,5
rozbroić,5
postarać,5
polecić,5
zmierzać,5
zaproponować,5
karmić,5
nałożyć,5
zostawiać,5
zamykać,5
minąć,5
wspomagać,5
wyróżnić,5
wstrząsnąć,5
skupiać,5
odbierać,5
wyznawać,5
wniść,5
wskazać,5
reklamować,5
drukować,5
uzupełnić,5
kisić,5
wydobywać,5
wstawiać,5
schłodzić,5
utracić,5
oczarować,5
uaktualnić,5
dusić,5
wyrabiać,5
przynieść,5
układać,5
docierać,5
zaliczyć,5
udowodnić,5
wypowiadać,5
egzystować,5
rozdzielić,5
doczekać,5
osolić,4
wykreować,4
mylić,4
przykrywać,4
rozpatrywać,4
zawieść,4
nadzorować,4
przekraczać,4
podpisywać,4
odszukać,4
przechwycić,4
zejść,4
rezygnować,4
zapakować,4
zdradzić,4
wyjechać,4
poszerzać,4
pokonywać,4
rozczarować,4
narażać,4
sprostać,4
pobić,4
nadejść,4
ucierać,4
dobrać,4
wykładać,4
wsypać,4
zobowiązywać,4
narzekać,4
przegrywać,4
wstawić,4
rzucić,4
zaskakiwać,4
podłączać,4
wypłacać,4
uporządkować,4
wystarczać,4
zgodzić,4
załatwić,4
wyciągać,4
eksperymentować,4
posiekać,4
zerwać,4
uwalniać,4
wypaść,4
odzwierciedlać,4
dokładać,4
martwić,4
zwolnić,4
doskonalić,4
wystawić,4
dozwolić,4
wydzielać,4
sprzyjać,4
przewodzić,4
dominować,4
wcielić,4
wygrywać,4
rozegrać,4
doprawić,4
uzależnić,4
zapamiętywać,4
wcisnąć,4
przyspieszyć,4
wytwarzać,4
skoncentrować,4
odpoczywać,4
zbliżać,4
urzec,4
zidentyfikować,4
zażądać,4
wyjeżdżać,4
udowadniać,4
weryfikować,4
ustać,4
przyczynić,4
podporządkować,4
pić,4
dostawać,4
uratować,4
zainspirować,4
przyjeżdżać,4
autoryzować,4
dotykać,4
odrzucać,4
przemyśleć,4
wnosić,4
polepszyć,4
skrywać,4
zatrudniać,4
ilustrować,4
odesłać,4
zareagować,4
przyzwyczaić,4
deklarować,4
zachwycać,4
dopuszczać,4
kształtować,4
zezwolić,4
słynąć,4
biegać,4
rozważać,4
ratować,4
grozić,4
polecieć,4
uformować,4
uprościć,4
solić,4
sygnalizować,4
powstrzymać,4
doświadczyć,4
zasilać,4
wywrzeć,4
nawiązywać,4
zamieszkiwać,4
zachodzić,4
rozbudować,4
doświadczać,4
przejrzeć,4
odnotować,4
jeździć,4
marzyć,4
wzmacniać,4
powołać,4
pociągnąć,4
pochłaniać,4
dotknąć,4
natknąć,4
rzec,4
posłuchać,4
dzwonić,4
przechwytywać,4
notować,4
przestawać,4
pełnić,4
przerywać,4
przypisywać,4
umrzeć,4
zetrzeć,4
rozesłać,4
zadać,4
zapowiadać,4
irytować,4
ubiegać,4
zagwarantować,4
nieść,4
fascynować,4
rozpływać,4
zarobić,4
zobowiązać,4
omówić,4
ściągnąć,4
latać,4
ćwiczyć,4
przymocować,4
pachnieć,4
pokusić,3
zaufać,3
pomyślić,3
startować,3
wkładać,3
osuszyć,3
przyciągać,3
uciec,3
odpuścić,3
wychować,3
załadować,3
domyślić,3
uniemożliwić,3
wyłączać,3
polewać,3
zastrzec,3
zabić,3
wymuszać,3
dostrzegać,3
wyrzucać,3
zweryfikować,3
zanieść,3
nadrobić,3
psuć,3
manewrować,3
przedłużyć,3
wciągać,3
wnieść,3
spływać,3
zawijać,3
królować,3
obliczać,3
manipulować,3
odmienić,3
zaliczać,3
wypowiedzieć,3
oddalić,3
motać,3
przyprawiać,3
odpocząć,3
zajrzeć,3
chorować,3
odblokowywać,3
prognozować,3
dopiekać,3
pominąć,3
skopiować,3
zdarzyć,3
dojechać,3
rość,3
poczynać,3
powracać,3
rozdawać,3
dolewać,3
zginąć,3
nauczać,3
nagradzać,3
zauważać,3
konfigurować,3
zadziwiać,3
zanotować,3
zwalczać,3
integrować,3
pokrywać,3
dorosnąć,3
rozliczać,3
wypić,3
radować,3
prać,3
rozliczyć,3
zlecić,3
zlecieć,3
paść,3
emitować,3
przeżywać,3
wlać,3
zestawiać,3
komunikować,3
pachnąć,3
oczyszczać,3
rozgrywać,3
sortować,3
zmartwić,3
karmelizować,3
wsypywać,3
skutkować,3
wynieść,3
znieść,3
wyrosnąć,3
wzbudzać,3
nudzić,3
przysługiwać,3
wycisnąć,3
powiesić,3
pożądać,3
uciekać,3
lecieć,3
niszczyć,3
blogować,3
przeobrazić,3
niszczeć,3
zdać,3
umawiać,3
ustawiać,3
mapować,3
celebrować,3
kazać,3
docenić,3
koordynować,3
błyszczeć,3
złamać,3
przypuszczać,3
nawigować,3
stymulować,3
zakasać,3
rozgrzać,3
wystraszyć,3
zaobserwować,3
postrzegać,3
uśmiechnąć,3
pokochać,3
odejść,3
zlokalizować,3
przeć,3
przyłączyć,3
skosztować,3
obchodzić,3
oddychać,3
śmiać,3
przeminąć,3
zapiekać,3
uporać,3
kopiować,3
pocić,3
dopisać,3
zapowiedzieć,3
ostudzić,3
nasączyć,3
zastać,3
śnić,3
żywić,3
odczytać,3
schnąć,3
wyczekiwać,3
powitać,3
poszczycić,3
przybrać,3
posługiwać,3
zasmakować,3
wyjmować,3
doliczyć,3
pielęgnować,3
kręcić,3
dokupić,3
oddawać,3
dobierać,3
wyjąć,3
propagować,3
wypożyczyć,3
wędzić,3
żerować,3
ucieszyć,3
przelać,3
oszczędzić,3
wymyślać,3
wałkować,3
podwoić,3
zorientować,3
przemienić,3
przyczyniać,3
potoczyć,3
znikać,3
wykupić,3
zużywać,3
natłuścić,3
napotkać,3
udokumentować,3
pogardzić,3
przedłużać,3
opłacać,3
ujednolicić,3
przemieszczać,3
zgubić,3
zarysować,3
czyścić,3
ufać,3
rozpraszać,3
lać,3
zasiedlić,3
zautomatyzować,3
skasować,3
przybliżać,3
zapobiec,3
nadchodzić,3
zniechęcać,3
zmagać,3
odwrócić,3
odegrać,3
przelewać,3
ozdobić,3
obliczyć,3
dokumentować,3
wrzeć,3
poddać,3
odradzać,3
obsadzić,3
pomylić,3
przewyższać,3
przebiegać,3
nadciągać,3
przedłożyć,3
ujmować,3
sprawować,3
zwiedzić,3
ominąć,3
zmielić,3
parkować,3
odbić,3
dojrzewać,3
wygasnąć,3
rozpuszczać,3
wzbudzić,3
ukazywać,3
zanurzyć,3
obcować,3
wyspecjalizować,3
posolić,3
przewozić,3
wyprzedzić,3
czkać,3
podwyższyć,3
hamować,3
pomijać,3
puścić,3
żeglować,3
nabierać,3
uaktualniać,3
zażyć,3
zakręcić,3
zgęstnieć,3
przyspieszać,3
kodować,3
polać,3
cytować,3
pocałować,3
wzruszyć,2
wpuszczać,2
spacerować,2
upraszczać,2
skoczyć,2
przyswajać,2
podpowiadać,2
klarować,2
panować,2
sprecyzować,2
ostać,2
uświadomić,2
wytłumaczyć,2
napadać,2
podsmażyć,2
dogadywać,2
czcić,2
pomieścić,2
przyciąć,2
oświadczyć,2
powielać,2
igrać,2
barwić,2
wypłacić,2
skropić,2
dekorować,2
przepisać,2
kwalifikować,2
napompować,2
pobudzać,2
dopasowywać,2
zdezorientować,2
uśpić,2
zrównać,2
ponowić,2
przytulić,2
czyhać,2
rozgrzewać,2
zminimalizować,2
studzić,2
przymierzać,2
wjeżdżać,2
odważyć,2
zachęcić,2
naruszyć,2
rozpatrzyć,2
interpretować,2
czuwać,2
łapać,2
medytować,2
okłamać,2
darzyć,2
starzeć,2
wypromować,2
spieszyć,2
słodzić,2
wskoczyć,2
fotografować,2
ogłaszać,2
urozmaicić,2
ignorować,2
dręczyć,2
handlować,2
palić,2
opuszczać,2
zaopatrzyć,2
wkleić,2
wystawiać,2
schować,2
opanować,2
przeciwdziałać,2
przerażać,2
serwisować,2
wyrzucić,2
ocalić,2
zarumienić,2
poczynić,2
wylądować,2
wchłaniać,2
postąpić,2
wpleść,2
miłować,2
przenikać,2
powierzyć,2
popisać,2
oszukiwać,2
zróżnicować,2
przeciągać,2
spalać,2
poszatkować,2
przystawać,2
malować,2
zaawansować,2
dopełniać,2
odczytywać,2
zawiesić,2
uzgodnić,2
zbrązowieć,2
pogorszyć,2
przejeżdżać,2
rozprzestrzeniać,2
posłużyć,2
zrekompensować,2
wczytywać,2
wędrować,2
zarządzić,2
dyskutować,2
wahać,2
nalewać,2
zamęczyć,2
ważyć,2
zamordować,2
podsumowywać,2
dowiadywać,2
przybyć,2
spisać,2
wnioskować,2
zaatakować,2
pozować,2
powiadać,2
widnieć,2
oznakować,2
nachylić,2
rolować,2
wystrzeliwać,2
sfinalizować,2
bić,2
motywować,2
puszczać,2
objawić,2
wywierać,2
zakwalifikować,2
odnawiać,2
zagęścić,2
gacić,2
zaglądać,2
dolać,2
minimalizować,2
pogadać,2
zwalczyć,2
konstruować,2
odpalić,2
uwieść,2
współdzielić,2
odstąpić,2
ostygnąć,2
wystygnąć,2
chybić,2
zaniedbywać,2
mordować,2
piknąć,2
zastępować,2
zakazywać,2
rozmijać,2
zamontować,2
oddziaływać,2
kompilować,2
przyrzekać,2
załączać,2
zlecać,2
poprowadzić,2
odkleić,2
zaimportować,2
wyszkolić,2
kibicować,2
znudzić,2
oznajmić,2
kolidować,2
rozważyć,2
widywać,2
jawić,2
zafundować,2
zagościć,2
odnajdywać,2
faszerować,2
powiększać,2
znosić,2
zilustrować,2
zdejmować,2
objaśniać,2
czepiać,2
zaowocować,2
wynajdywać,2
darować,2
wyrżnąć,2
przedostać,2
wytykać,2
przedkładać,2
archiwizować,2
przecierać,2
ugniatać,2
trenować,2
zamieniać,2
przemierzać,2
pokazić,2
przewyższyć,2
ostrzegać,2
wyrastać,2
zredukować,2
zadowalać,2
uzależniać,2
zniewalać,2
nadrabiać,2
przegapić,2
operować,2
umilać,2
podgrzać,2
uszkodzić,2
posuwać,2
aromatyzować,2
wniknąć,2
przypaść,2
maskować,2
konkurować,2
schodzić,2
machnąć,2
wyskakiwać,2
zwinąć,2
wynagradzać,2
zaprogramować,2
odsyłać,2
strzec,2
wyluzować,2
zabronić,2
oszacować,2
sfinansować,2
siekać,2
chłodzić,2
zbadać,2
rozproszyć,2
zagrozić,2
sformatować,2
przeszukiwać,2
zmarnować,2
zamieścić,2
strzelać,2
kopać,2
udekorować,2
zrażać,2
obtoczyć,2
pozbawiać,2
roztrzepać,2
utrudniać,2
narobić,2
złagodzić,2
wjechać,2
poprzeć,2
okrzyknąć,2
odróżnić,2
opracowywać,2
sprzeciwić,2
tętnić,2
sprowadzać,2
wzrosnąć,2
odwzorować,2
przebiec,2
nawilżyć,2
powiadamiać,2
wpatrywać,2
ożywać,2
przystać,2
przystąpić,2
zrzekać,2
przepaść,2
wyczyścić,2
uciąć,2
przełamać,2
gubić,2
farbować,2
ulokować,2
przyćmiewać,2
urzekać,2
stuknąć,2
pogłębiać,2
zrównoważyć,2
opadać,2
dorastać,2
przeładowywać,2
zeszklić,2
wsłuchiwać,2
wezwać,2
przecisnąć,2
wciskać,2
sporządzać,2
boleć,2
nabywać,2
dopełnić,2
odgrzewać,2
kucharzyć,2
szturmować,2
odgadnąć,2
gasić,2
skręcać,2
zagnieść,2
poruszyć,2
uwydatniać,2
napływać,2
parzyć,2
giąć,2
wypełniać,2
tolerować,2
sponsorować,2
infekować,2
dowieść,2
wystrzegać,2
szkolić,2
narodzić,2
zbuntować,2
dorównać,2
zasięgnąć,2
skazać,2
dociskać,2
ubrać,2
wybawić,2
napiąć,2
zatrudnić,2
podpiąć,2
wycofać,2
wpuścić,2
intrygować,2
zgłębiać,2
zagotować,2
oznaczyć,2
gęstnieć,2
pieprzyć,2
wyparować,2
budzić,2
wyrządzić,2
przeciwstawić,2
obrócić,2
wyprowadzić,2
zdominować,2
wypijać,2
podskakiwać,2
siadać,2
punktować,2
zrelacjonować,2
zużyć,2
symulować,2
modelować,2
uszyć,2
wznowić,2
zaistnieć,2
kasować,2
uczęszczać,2
dorzucić,2
oskarżać,2
wręczyć,2
rozciągnąć,2
odnowić,2
uhonorować,2
podsmażać,2
wymawiać,2
nagromadzić,2
wiercić,2
unieść,2
ponieść,2
spoczywać,2
wyczuć,2
uzdrawiać,2
zmaksymalizować,2
wyłaniać,2
zapadać,2
dogadać,2
edukować,2
przyłożyć,2
gościć,2
wywiązywać,2
redukować,2
niwelować,2
posprzątać,2
szkodzić,2
wylewać,2
rozjaśniać,2
popsuć,2
regenerować,2
przerosnąć,2
biec,2
zjawić,2
odprawiać,2
wygnać,2
zetknąć,2
wykuwać,2
śpiewać,2
obtaczać,2
utrwalać,2
dezaktywować,2
zwieść,2
wypracować,2
przebrnąć,2
tkwić,2
usiłować,2
wyciec,2
wysłuchać,2
odstać,2
odinstalować,2
napotykać,2
skakać,2
śmieszyć,2
wzywać,2
chwycić,2
odłożyć,2
popatrzyć,2
poszerzyć,2
obciążać,2
leżakować,2
przystępować,2
ucierpieć,2
współczuć,2
odłączać,2
profilować,2
warzyć,2
uwieczniać,2
przyjechać,2
naliczyć,2
załatwiać,2
poprzestać,2
lokalizować,2
przybywać,2
sklejać,2
przesadzać,2
popatrzeć,2
wielbić,2
zainfekować,2
wyprostować,2
opychać,2
czatować,2
komponować,2
mnożyć,2
uświadamiać,2
usatysfakcjonować,2
rozkoszować,2
spychać,2
moczyć,1
wmieszać,1
natłuszczać,1
odznaczyć,1
ochraniać,1
wyjawiać,1
rozpogodzić,1
posunąć,1
zatroszczyć,1
rozpiąć,1
wystawać,1
udrożnić,1
polepszać,1
poleźć,1
wisieć,1
spowszednieć,1
gloryfikować,1
spisywać,1
wzbogacać,1
wyruszać,1
chlipnąć,1
dostroić,1
uchronić,1
wysiąść,1
podrosnąć,1
wyeksponować,1
zamieszać,1
wytrwać,1
powielić,1
rozplanować,1
przestrzec,1
tankować,1
zbroić,1
narastać,1
odizolować,1
poukładać,1
wliczać,1
napocząć,1
podyktować,1
kadrować,1
przypadać,1
replikować,1
blaknąć,1
rozgościć,1
przetłumaczyć,1
ukoić,1
powoływać,1
krzyczeć,1
torturować,1
posmarować,1
zagęszczać,1
stresować,1
wybielić,1
podsłuchiwać,1
jednoczyć,1
wędkować,1
naciągać,1
awansować,1
wyciszyć,1
indukować,1
schylać,1
wydłużyć,1
przeadresować,1
wylecieć,1
wyhodować,1
meldować,1
zmiksować,1
odróżniać,1
wyśrubować,1
wydłubać,1
przebierać,1
pogratulować,1
ograć,1
zresetować,1
ściągać,1
wyczerpać,1
zwilżać,1
ofiarować,1
snąć,1
stonować,1
owinąć,1
kwaterować,1
wzmiankować,1
natrafić,1
alarmować,1
przegadać,1
zalegać,1
przeważyć,1
odrzec,1
zajadać,1
pochłonąć,1
zbiec,1
zażywać,1
poświęcać,1
lakierować,1
uświęcić,1
dopracować,1
wizytować,1
odwoływać,1
przyśpieszyć,1
przeszukać,1
zapanować,1
obsłużyć,1
odskoczyć,1
wychynąć,1
dojadać,1
utrwalić,1
rozmarzyć,1
skreślić,1
połykać,1
podkręcać,1
skrzyżować,1
wytyczać,1
przeładować,1
stwardnieć,1
odrywać,1
popisywać,1
obciąć,1
pozorować,1
utwierdzać,1
sankcjonować,1
zaintrygować,1
zażegnać,1
zaginać,1
wycofywać,1
powstrzymywać,1
zaznać,1
wzbronić,1
spryskać,1
zapoczątkować,1
pomstować,1
dorzucać,1
dojrzeć,1
przerzucić,1
urozmaicać,1
zawiewać,1
rozgrzeszać,1
patentować,1
wyrównywać,1
sfałszować,1
przesadzić,1
postanawiać,1
przysiąść,1
odsapnąć,1
wklepywać,1
przecinać,1
skompletować,1
roznosić,1
magazynować,1
ugiąć,1
destylować,1
uśmiercić,1
pokarać,1
powierzać,1
spiec,1
cyknąć,1
przepływać,1
upowszechniać,1
plotkować,1
osłabić,1
poddusić,1
wybijać,1
windować,1
wytrenować,1
podglądać,1
włamywać,1
łuskać,1
dogryzać,1
przypinać,1
mulić,1
spłukiwać,1
dopinać,1
dokończyć,1
wkręcić,1
zubożyć,1
frunąć,1
mięknąć,1
wstrzykiwać,1
orzekać,1
ogarniać,1
omyć,1
przejeść,1
obgadać,1
dofinansować,1
przejechać,1
symbolizować,1
zionąć,1
konsolidować,1
losować,1
owijać,1
wywalczyć,1
spowolnić,1
popełniać,1
odpaść,1
zestawić,1
odpierać,1
wywnioskować,1
zdegenerować,1
przyśpieszać,1
współzawodniczyć,1
szpiegować,1
zgrzytać,1
uprać,1
zakwestionować,1
przeprosić,1
podstawiać,1
pocieszyć,1
zaciekawić,1
delektować,1
odbudowywać,1
zjechać,1
okradać,1
zabijać,1
uwierzytelniać,1
wyrządzać,1
podwinąć,1
namalować,1
zalecić,1
podgrzewać,1
poparzyć,1
przyrządzić,1
spowiadać,1
krzyżować,1
kurować,1
podlewać,1
sklarować,1
unieważniać,1
zaszywać,1
spinać,1
odciążać,1
schronić,1
ustępować,1
wymodelować,1
przeginać,1
zgłaszać,1
słaniać,1
ściąć,1
wypalać,1
upierać,1
zatrzasnąć,1
przypiąć,1
nasycić,1
zaszczycić,1
eksplorować,1
udomowić,1
doposażyć,1
rozprowadzić,1
okrywać,1
podrzynać,1
namawiać,1
dołożyć,1
zainicjować,1
sprzątać,1
oszukać,1
wyciszać,1
uszanować,1
wyczarować,1
cisnąć,1
zarzucać,1
zawdzięczać,1
wytropić,1
zatopić,1
opatrywać,1
wynajdować,1
odciągnąć,1
przywozić,1
wzdychać,1
odsunąć,1
napełniać,1
nastawiać,1
rozwiać,1
odbiegać,1
epatować,1
uczcić,1
delegować,1
rozprawić,1
przestudiować,1
nakręcić,1
czesać,1
wypieścić,1
wieńczyć,1
odprowadzać,1
nasilić,1
przemknąć,1
zacytować,1
miotać,1
przełknąć,1
okleić,1
umorzyć,1
pomniejszyć,1
krzywdzić,1
hołdować,1
umeblować,1
odwołać,1
przeskoczyć,1
przywodzić,1
potraktować,1
gaworzyć,1
usytuować,1
wygłupiać,1
zaprowadzić,1
recenzować,1
wcierać,1
tapetować,1
umacniać,1
tępić,1
mocować,1
przewijać,1
bagatelizować,1
ględzić,1
wygasać,1
mlaskać,1
porozumiewać,1
zwalniać,1
wyzwalać,1
wyławiać,1
zdradzać,1
zawalić,1
ostrzeliwać,1
lenić,1
przyćmić,1
zasysać,1
straszyć,1
mawiać,1
nadymać,1
pogłębić,1
sapać,1
pchać,1
buzować,1
przemijać,1
kreować,1
odkręcić,1
zemrzeć,1
komplikować,1
skompilować,1
wydarzać,1
targać,1
przesądzać,1
przydarzyć,1
zsynchronizować,1
roić,1
skrzywdzić,1
zacinać,1
zadebiutować,1
przepełniać,1
dopiąć,1
rozłazić,1
przerobić,1
jęczeć,1
drożeć,1
rozpieścić,1
podarować,1
skłonić,1
zmartwychwstać,1
kiełkować,1
łatać,1
przekreślać,1
przysmażyć,1
dorobić,1
polemizować,1
lubować,1
wcielać,1
zaaplikować,1
negować,1
starczać,1
upiększyć,1
zrekonstruować,1
zdiagnozować,1
skomunikować,1
dezaktualizować,1
ukarać,1
przebrać,1
wylać,1
wywracać,1
udoskonalić,1
wylogowywać,1
zreformować,1
rozszerzać,1
bogacieć,1
przecenić,1
bogacić,1
pociągać,1
wsiadać,1
klasyfikować,1
przylegać,1
dotrzymać,1
przetransportować,1
wyciskać,1
naoliwić,1
poślubić,1
smarować,1
skradać,1
uiścić,1
znęcać,1
ulatywać,1
hartować,1
przytrzymywać,1
identyfikować,1
drążyć,1
wyjawić,1
zadziałać,1
rekomendować,1
wciągnąć,1
zamiatać,1
zastrzelić,1
ściskać,1
zaciągać,1
uleczyć,1
kłócić,1
odejmować,1
przylepić,1
odsuwać,1
pospacerować,1
diagnozować,1
wysuszyć,1
przepełnić,1
wyparowywać,1
spałaszować,1
zhakować,1
poplotkować,1
wstąpić,1
zalać,1
zalatywać,1
zawracać,1
wyodrębniać,1
rozstrzygnąć,1
dorwać,1
ścierać,1
całować,1
popracować,1
rozbrzmiewać,1
pędzić,1
przyśnić,1
odpiąć,1
wypisać,1
nakreślić,1
zatrzymywać,1
udźwignąć,1
stoczyć,1
wybuchać,1
rozpościerać,1
wykąpać,1
mijać,1
wytypować,1
odmieniać,1
rozdrobnić,1
rozchylić,1
zachmurzyć,1
zapuszczać,1
zapierać,1
odnotowywać,1
unieszkodliwiać,1
upłynąć,1
zdziałać,1
odrealnić,1
rozejść,1
uchwycić,1
zważyć,1
zaserwować,1
uchodzić,1
zawitać,1
zaburzać,1
kucnąć,1
płodzić,1
spożyć,1
sparaliżować,1
moralizować,1
wynajmować,1
pobyć,1
przedsiębrać,1
odpływać,1
zutylizować,1
uzbrajać,1
scalać,1
prowokować,1
dobić,1
pękać,1
zmyć,1
uszczelniać,1
przydzielać,1
przyrządzać,1
sadzić,1
spocić,1
przeliczać,1
odepchnąć,1
wpłacać,1
przysporzyć,1
przydawać,1
kombinować,1
szkalować,1
wypatrywać,1
zderzać,1
rozmieścić,1
próżnować,1
rozkwitnąć,1
ocaleć,1
owiać,1
zameldować,1
odgrzebać,1
reasumować,1
znokautować,1
dosypać,1
krzątać,1
spanikować,1
nabazgrać,1
przytrzymać,1
uwarunkować,1
poprzedzać,1
obdarzać,1
wstrzymywać,1
władać,1
zatapiać,1
pustoszyć,1
pokładać,1
zakorzenić,1
napić,1
zadziwić,1
zdetonować,1
zrzucić,1
uwinąć,1
obsadzać,1
wyżywić,1
grillować,1
dowodzić,1
likwidować,1
kłaniać,1
podbić,1
wypłynąć,1
krytykować,1
szerzyć,1
troszczyć,1
ścigać,1
żegnać,1
podsunąć,1
słabnąć,1
słać,1
wartać,1
balansować,1
wertować,1
marudzić,1
nabijać,1
zlikwidować,1
wyczuwać,1
promienieć,1
pluć,1
doradzać,1
wyginać,1
rozstrzygać,1
ciąć,1
sterczeć,1
wypiec,1
ustabilizować,1
przekształcać,1
cieniować,1
dyrygować,1
naciskać,1
zrujnować,1
adoptować,1
nakazać,1
zatytułować,1
rekrutować,1
pichcić,1
stronić,1
anektować,1
wypróbowywać,1
przedzielić,1
zasłużyć,1
wykupywać,1
wyrywać,1
odwodzić,1
przestawić,1
upokarzać,1
dotrzymywać,1
gardzić,1
obić,1
krajać,1
zgarnąć,1
tańczyć,1
zasypiać,1
spłacić,1
odwracać,1
postulować,1
przyrumienić,1
spuszczać,1
zapiąć,1
ogarnąć,1
świętować,1
ręczyć,1
posiłkować,1
impregnować,1
feminizować,1
figurować,1
zjawiać,1
przewietrzać,1
posiąść,1
zauroczyć,1
załamać,1
zranić,1
przysłużyć,1
zagłębiać,1
nadwyrężać,1
naparzać,1
nękać,1
obowiązać,1
odjeżdżać,1
mielić,1
zezłościć,1
burzyć,1
błogosławić,1
prześladować,1
zarzucić,1
sfatygować,1
skreślać,1
satysfakcjonować,1
ciekawić,1
uspokoić,1
wybić,1
uderzyć,1
maksymalizować,1
odczuć,1
rozpakować,1
skwierczeć,1
ubawić,1
cechować,1
zmieść,1
potrącać,1
rumienić,1
namierzać,1
poprzedzić,1
zapuścić,1
zaciągnąć,1
zakwaterować,1
pasteryzować,1
nawrócić,1
borykać,1
zwerbalizować,1
krążyć,1
razić,1
ozdabiać,1
umartwiać,1
pomnożyć,1
przetrzymać,1
odjąć,1
odświeżać,1
jebać,1
niepokoić,1
głosić,1
obarczyć,1
inicjować,1
zamilknąć,1
kandyzować,1
rozdzielać,1
kłuć,1
utknąć,1
pożegnać,1
wszczepić,1
uzbroić,1
wyreżyserować,1
przeważać,1
umiłować,1
improwizować,1
zatrząść,1
odezwać,1
zmiatać,1
sypać,1
przemóc,1
naruszać,1
nafaszerować,1
okiełznać,1
wstępować,1
podwyższać,1
wywietrzyć,1
donieść,1
urzeczywistnić,1
zeskanować,1
wymieść,1
zanurzać,1
użyczyć,1
ubzdurać,1
milczeć,1
nęcić,1
zawyżyć,1
przemówić,1
wyprodukować,1
gnić,1
zaadaptować,1
rozsyłać,1
zaaresztować,1
pikać,1
przeliczyć,1
pośredniczyć,1
sfilmować,1
zaryzykować,1
wysławiać,1
przywierać,1
topnieć,1
wycelować,1
rozświetlić,1
spiąć,1
powlekać,1
wypłukać,1
upodobać,1
równoważyć,1
dryfować,1
zanegować,1
upoważniać,1
zniszczeć,1
obyć,1
lewarować,1
zdeponować,1
lokować,1
przyprawić,1
zajść,1
oblewać,1
upoważnić,1
orać,1
sformować,1
opakować,1
uświadczyć,1
rozeznać,1
zapchać,1
negocjować,1
zmusić,1
wywiercić,1
podziałać,1
wyciekać,1
zaanektować,1
rozrastać,1
respektować,1
podeprzeć,1
zwijać,1
zatkać,1
kleić,1
przegrać,1
przywrzeć,1
wskrzesić,1
jeżyć,1
zafascynować,1
pobudzić,1
podsypywać,1
odkuć,1
dociągnąć,1
praktykować,1
olać,1
wykończyć,1
umocnić,1
ziścić,1
zdumiewać,1
skomentować,1
rozkładać,1
rozejrzeć,1
podążyć,1
klimatyzować,1
spienić,1
nakłonić,1
wbijać,1
zaokrąglić,1
zamazywać,1
sformułować,1
zatuszować,1
zgadywać,1
przyciskać,1
wnikać,1
spłaszczać,1
kruszyć,1
brudzić,1
obrobić,1
eksponować,1
przywyknąć,1
klaskać,1
poćwiczyć,1
kraść,1
zaprzyjaźniać,1
wyszczupleć,1
elektryzować,1
urządzać,1
szokować,1
płynąć,1
myć,1
zaznajamiać,1
gonić,1
skojarzyć,1
korespondować,1
czerwienić,1
zaprzyjaźnić,1
przybliżyć,1
rozbić,1
ośmielać,1
opętać,1
wątpić,1
zaradzić,1
przekierowywać,1
płakać,1
wynagrodzić,1
akumulować,1
przegrzać,1
wypuścić,1
wariować,1
ugościć,1
nakarmić,1
zdezelować,1
siać,1
osłabiać,1
uodparniać,1
erotyzować,1
podchwycić,1
szczypać,1
zwiać,1
szklić,1
ukraść,1
wyznać,1
rozglądać,1
obruszać,1
zasypywać,1
obrazić,1
dolegać,1
śniadać,1
opodatkować,1
okrążyć,1
święcić,1
odbijać,1
polować,1
przesypywać,1
skalować,1
odsprzedać,1
skomasować,1
spakować,1
rozładować,1
predestynować,1
markować,1
rozpatrzeć,1
naliczać,1
chylić,1
odwdzięczać,1
dożyć,1
pakować,1
zawładnąć,1
przerzucać,1
teleportować,1
rodzić,1
relacjonować,1
skleić,1
uśmiać,1
silić,1
uszlachetnić,1
naostrzyć,1
zaspokajać,1
zaznajomić,1
nasmarować,1
wmawiać,1
przynależeć,1
poświadczyć,1
chadzać,1
drgnąć,1
odstraszać,1
nagrzeszyć,1
przekręcać,1
odlatywać,1
zawozić,1
wzmagać,1
pobłogosławić,1
dopominać,1
transmitować,1
unieruchomić,1
dosięgnąć,1
zbliżyć,1
utrudnić,1
zatwierdzać,1
skarmelizować,1
wystudzić,1
odcisnąć,1
nadmienić,1
odtrącić,1
odprawić,1
uregulować,1
demonstrować,1
zdruzgotać,1
ginąć,1
upaść,1
wysunąć,1
synchronizować,1
rozsiać,1
zamrozić,1
degustować,1
zamieszkać,1
eksplodować,1
rywalizować,1
celować,1
przylecieć,1
nabawić,1
kontrastować,1
zaniknąć,1
pokrzepić,1
rozkręcać,1
szczotkować,1
przytulać,1
głaskać,1
upchać,1
eksploatować,1
doładować,1
korygować,1
zakrywać,1
odziedziczyć,1
przesiadywać,1
kroczyć,1
wypompowywać,1
ustanowić,1
zmiażdżyć,1
zapaść,1
sunąć,1
nadarzyć,1
umknąć,1
zasługiwać,1
zbyć,1
sfotografować,1
podsłuchać,1
wmurować,1
uzasadnić,1
skodyfikować,1
zamalowywać,1
maczać,1
implementować,1
fundować,1
wypuszczać,1
uiszczać,1
obdarzyć,1
nalegać,1
wyrzygać,1
zirytować,1
ustrzec,1
nadpisywać,1
tłumić,1
świecić,1
urosnąć,1
cywilizować,1
odszukiwać,1
naddawać,1
szusować,1
ugryźć,1
owocować,1
odliczać,1
naładować,1
pałętać,1
przesiać,1
odcinać,1
ogłuszyć,1
rozmyślać,1
dotrwać,1
obalić,1
rozchodzić,1
załamywać,1
przytłoczyć,1
nagadać,1
wsadzić,1
tykać,1
kopić,1
dokarmiać,1
staczać,1
zawłaszczać,1
zgnieść,1
reformować,1
dowlec,1
okłamywać,1
jarać,1
zaprzeczyć,1
pojmować,1
opłacić,1
zapracować,1
wdawać,1
przemawiać,1
naznaczyć,1
odstępować,1
smucić,1
wydarzyć,1
zadokować,1
wykombinować,1
przywoływać,1
przelecieć,1
osaczyć,1
ująć,1
wyruszyć,1
ugodzić,1
dopłacać,1
prześcigać,1
chwytać,1
wymierać,1
wzruszać,1
wypisywać,1
sprostować,1
przesuwać,1
skorumpować,1
ogrywać,1
zaopatrywać,1
zwlekać,1
wdychać,1
zeznawać,1
mdlić,1
uczłowieczać,1
wyzwać,1
knuć,1
uroić,1
wznosić,1
skrzyć,1
recytować,1
dopiec,1
zbałamucić,1
katapultować,1
odsiać,1
nacechować,1
postać,1
podbijać,1
topić,1
odmierzać,1
ingerować,1
uziemić,1
skalać,1
wznieść,1
odbudować,1
przemycić,1
wytrącić,1
nadszarpnąć,1
zamartwiać,1
dystansować,1
ustanawiać,1
zdegradować,1
kolonizować,1
sprzeniewierzyć,1
posiedzieć,1
zakazać,1
umniejszać,1
roztapiać,1
nadpisać,1
ganić,1
burczeć,1
przybić,1
narzucić,1
ulepić,1
pomalować,1
sknocić,1
stopić,1
przywołać,1
porywać,1
skłamać,1
mrozić,1
szanować,1
ponawiać,1
umierać,1
przeczyć,1
zdezaktywować,1
obłazić,1
gryźć,1
ustąpić,1
ryzykować,1
zapalić,1
tknąć,1
dojeżdżać,1
pęknąć,1
zabrzmieć,1
obrażać,1
wywyższać,1
uczulać,1
skraść,1
starzyć,1
domniemać,1
starczyć,1
wspomóc,1
dogodzić,1
resetować,1
zadedykować,1
wyłowić,1
wbić,1
osłonić,1
przywieźć,1
odpokutować,1
oswoić,1
oświetlać,1
pokropić,1
napuścić,1
odchodzić,1
oddzielać,1
umiejscowić,1
podtrzymać,1
adorować,1
spowić,1
wypolerować,1
uwodzić,1
spłycić,1
spłycieć,1
odżywić,1
oświetlić,1
refundować,1
spulchniać,1
wytrzeć,1
nadużywać,1
narysować,1
wyjadać,1
opalać,1
kwestionować,1
podzielać,1
obradzać,1
upichcić,1
przegryzać,1
przepołowić,1
wystosować,1
współdziałać,1
pomnażać,1
zasklepiać,1
zagłuszać,1
ocieplać,1
zachwalać,1
podołać,1
podrzucać,1
łzawić,1
tonąć,1
nasłuchiwać,1
wydłużać,1
pożyczyć,1
dostąpić,1
rżnąć,1
kumulować,1
pomniejszać,1
utożsamiać,1
zawęzić,1
wystrzelić,1
przepuścić,1
rozczarowywać,1
wyprzeć,1
płukać,1
deformować,1
kurczyć,1
złączyć,1
ukoronować,1
wyzwolić,1
wykraczać,1
pograć,1
zbilansować,1
oświadczać,1
opóźnić,1
przesądzić,1
rozpadać,1
wstawać,1
szeptać,1
przesiewać,1
tuczyć,1
gospodarzyć,1
wykraść,1
dołować,1
doszukiwać,1
unieruchamiać,1
wzdrygnąć,1
zaznaczać,1
limitować,1
lepić,1
